{"cameraMode":{"drawMode":0,"name":"Shaded","section":"Shading Mode"},"sceneLighting":true,"audioPlay":false,"sceneViewState":{"m_AlwaysRefresh":false,"showFog":true,"showSkybox":true,"showFlares":true,"showImageEffects":true,"showParticleSystems":true,"showVisualEffectGraphs":true,"m_FxEnabled":true},"in2DMode":false,"pivot":{"x":7.600224018096924,"y":-0.6977081298828125,"z":7.707205295562744},"rotation":{"x":0.15896739065647126,"y":-0.22012366354465486,"z":0.036384597420692447,"w":0.9617435932159424},"size":26.362064361572267,"orthographic":false}